Date,Open Interest,Producer/Merchant/ Processor/User Long,Producer/Merchant/ Processor/User Short,Swap Dealers Long,Swap Dealers short,Swap Dealers Spreading,Managed Money Long,Managed Money Short,Managed Money Spreading,Other Reportables Long,Other Reportables Short,Other Reportables Spreading,Nonreportable Positions Long,Nonreportable PositionsShort
2/17/2026,293510,109722,114096,50738,16669,36905,5850,32683,41894,3018,2862,42159,3224,6242
2/10/2026,266913,97302,106358,52554,16201,34076,6318,30786,35946,2739,2021,35439,2539,6086
2/3/2026,250098,93881,98323,47697,15696,34932,5664,29643,32261,2244,2313,31260,2159,5670
1/27/2026,230568,86762,92194,45693,15035,31808,5126,28318,27901,2757,1872,28007,2514,5433
1/20/2026,217768,84506,90404,43980,12631,29783,4549,29394,22709,3103,992,25836,3302,6019
1/13/2026,202376,87023,90549,37201,11976,27705,4225,25538,19824,3024,1326,20201,3173,5257
1/6/2026,195437,83367,88017,37125,11138,25535,4410,24848,20758,2967,1495,16152,5123,7494
12/30/2025,193716,82438,86461,36762,11035,25337,4481,25445,20605,2845,1460,18183,3065,5190
12/23/2025,194120,82957,85371,36409,11122,25643,4305,26616,20690,2989,1572,18459,2668,4647
12/16/2025,187672,77195,82256,36721,8712,25284,5229,27489,20215,2903,1563,17705,2420,4448
12/9/2025,193545,82529,82254,37187,9896,25687,5545,31217,20586,2687,1687,17355,1969,4863
12/2/2025,194811,83265,79805,37776,10154,25835,5067,32254,21085,1144,2027,18698,1941,4953
11/25/2025,236050,96244,94532,42060,12381,32909,4761,31064,29696,540,1834,26292,3548,7342
11/18/2025,222172,90506,90158,39636,14056,30205,5593,28341,29107,1183,1062,23688,2254,5555
11/11/2025,213828,86562,89292,37933,15208,28148,5559,24570,28522,1549,565,23410,2145,4113
11/4/2025,204347,79424,86006,41003,15066,24446,5841,25035,28636,1062,437,21273,2662,3448
10/28/2025,213961,81423,92557,43665,16027,25015,6428,21876,32547,1607,765,20946,2330,4228
10/21/2025,214873,78343,89642,44089,16204,24986,6239,21848,35180,1984,951,21226,2826,4836
10/14/2025,208153,74136,90563,44673,15423,21659,5618,18675,35756,3156,919,20000,3155,5158
10/7/2025,206091,77612,93092,41725,16399,22040,6669,17440,33401,3689,1037,18516,2439,4166
9/30/2025,188246,79179,91876,38421,19650,14264,8319,14030,27474,2976,628,15062,2551,5262
9/23/2025,179639,74387,90499,37261,20403,13071,8682,11458,26923,3351,70,13271,2693,3944
9/16/2025,170503,68008,90802,37590,19651,11532,9243,7859,25249,4102,66,12015,2764,3329
9/9/2025,167106,64059,86352,38274,21331,11778,10237,7320,23966,3377,21,12950,2465,3388
9/2/2025,162623,63594,85389,35404,21066,11966,10740,5535,22609,3002,161,12654,2654,3243
8/26/2025,176982,69521,95382,36591,18969,14191,11333,5678,23148,3116,162,16501,2581,2951
8/19/2025,171266,70538,90824,30448,19189,13061,11503,5927,23182,3269,93,16751,2514,2239
8/12/2025,167220,67751,85002,30390,19945,12537,10865,7291,23345,3017,80,16629,2686,2391
8/5/2025,166975,70554,82409,31045,23390,12987,9479,6590,22149,2738,571,15721,2302,3158
7/29/2025,167883,72036,82359,31711,23518,13761,9244,6804,20812,2170,641,16110,2039,3878
7/22/2025,171914,78649,83481,30191,25826,12225,8638,8265,21429,2276,629,15949,2557,4110
7/15/2025,171364,73786,81246,29126,24618,15793,10066,6361,21394,2332,614,16215,2652,5123
7/8/2025,164336,72573,78386,28062,26573,13887,10023,5351,20015,1937,598,15705,2134,3821
7/1/2025,166910,69398,82820,34482,28417,14580,10241,3525,19167,1546,298,14383,3113,3720
6/24/2025,173947,69311,83805,35382,28759,14647,10008,3398,22430,1234,37,17426,3509,3445
6/17/2025,159866,60559,75148,31066,29316,12224,12514,2609,20242,1591,479,17549,4121,2299
6/10/2025,155904,58789,74356,29142,27650,13819,12945,2355,17863,1517,476,17373,4456,2012
6/3/2025,156824,62028,75034,29828,30531,12442,12071,1806,17796,1495,527,16740,4424,1948
5/27/2025,152943,57552,75858,27659,27592,12599,15993,1662,16949,1944,627,15896,4351,1760
5/20/2025,152323,60029,75895,24426,28075,12355,17091,1786,17039,1485,817,14802,5096,1554
5/13/2025,154675,67491,80126,25654,26355,13090,11272,1939,16047,1710,782,14954,4457,1382
5/6/2025,149430,68019,77015,28431,26925,12355,8213,2230,14188,999,934,13495,3730,2288
4/29/2025,166536,71201,82845,29636,23454,19377,8046,2051,14706,1046,2622,19098,3426,2383
4/22/2025,164628,70238,80844,29537,22723,18735,7896,3986,13750,1352,3273,19093,4027,2224
4/15/2025,163810,72343,80118,28858,23444,18670,8149,3777,12171,1368,3307,19391,2860,2932
4/8/2025,170669,78968,86199,23732,22314,20780,10427,2759,12515,1636,3606,19743,2868,2753
4/1/2025,170752,79181,84691,23295,24039,21026,9996,3830,12453,1656,3011,18938,4207,2764
3/25/2025,166707,75756,84062,23951,22308,19947,10895,2909,12356,1484,3630,18489,3829,3006
3/18/2025,164813,74843,84533,24821,21412,19050,9546,2388,13218,1534,4026,17769,4032,2417
3/11/2025,168691,80731,89462,21594,21631,19416,10828,1231,11308,1573,3815,19264,3977,2564
3/4/2025,172739,81693,95620,21481,19705,19271,13599,1006,11787,1622,4162,19253,4033,1935
2/25/2025,229282,107518,123931,22341,21582,26240,17551,827,15200,2078,5052,33716,4638,2734
2/18/2025,225681,99721,119150,16709,22179,28250,24527,646,13703,2589,4631,35142,5040,1980
2/11/2025,232712,102678,125523,22925,25965,24304,25033,575,13608,2752,4585,35964,5448,2188
2/4/2025,232594,102439,123233,21984,27739,23854,26266,207,13311,2776,4824,36928,5036,2498
1/28/2025,219656,90183,114319,21565,27252,24202,27298,238,12419,2667,3002,35638,5684,2586
1/21/2025,212592,85718,109222,18995,27550,23927,28867,771,11680,3608,3053,34273,5524,2116
1/14/2025,210356,86618,110831,19519,27040,23058,29667,433,10768,3290,3018,32784,4652,2424
1/7/2025,221172,96658,111472,16737,37231,24786,32357,393,10343,3198,3006,33087,4006,854
12/31/2024,221818,96889,111895,16870,36164,25050,32453,517,10463,3031,3481,33029,4033,1219
12/24/2024,215721,95184,108752,16462,36049,24131,31438,977,9479,3550,3750,31075,4402,1508
12/17/2024,221243,98544,115552,17433,35521,22888,31739,1052,10617,4554,3741,30754,4714,1118
12/10/2024,219213,100528,120738,16401,33168,20338,32877,756,9937,4445,3601,29095,5592,1580
12/3/2024,216534,101289,120869,18419,33273,18762,31459,519,9946,4611,4473,27125,4923,1567
11/26/2024,288455,133356,157150,22450,35273,25599,33786,492,17787,5183,4974,46072,4222,1108
11/19/2024,296322,143048,169599,25675,33572,25923,31794,602,16799,4750,4125,44419,3914,1283
11/12/2024,286575,137686,161836,25678,33462,25045,30492,525,18285,3425,3946,42409,3555,1067
11/5/2024,273767,134655,155423,26519,32150,23279,27395,354,17859,2683,4682,38714,2663,1306
10/29/2024,279473,143191,163724,26760,31579,23659,25569,247,18264,2749,4362,36520,2761,1118
10/22/2024,276639,144936,163590,26125,31842,22657,24209,58,17938,2902,4718,34300,3572,1536
10/15/2024,275564,143408,164765,28148,32788,21368,24511,141,17412,3413,4522,33513,3791,1055
10/8/2024,269148,139558,164393,32078,29637,19022,22629,545,17420,3187,4456,32228,3026,1447
10/1/2024,269105,139169,164935,32586,30287,18938,24100,530,16957,3652,4282,31297,2406,1879
9/24/2024,263233,136624,160384,31444,30484,18636,23367,570,16763,3687,4403,30087,2625,1906
9/17/2024,263672,136903,160781,31300,31985,17474,23815,293,16535,3786,4227,30802,3057,1575
9/10/2024,264798,140093,162664,31213,34836,16823,24140,181,15233,3300,2611,30292,3704,2158
9/3/2024,282285,151693,151868,35244,63059,16428,24481,160,15783,4208,2681,30355,4093,1951
8/27/2024,338754,170085,177935,39471,62220,27353,23791,662,21766,7132,2751,44458,4698,1609
8/20/2024,342963,171830,182408,41823,62316,26657,23771,426,22495,6666,2516,44747,4974,1398
8/13/2024,358780,188950,191031,40918,68280,27280,22972,525,21929,6589,2555,45817,4325,1363
8/6/2024,361079,192725,191771,40277,68295,27093,22821,658,21612,5000,2830,46242,5309,2578
7/30/2024,363246,192004,191938,40145,69296,27246,23940,647,21985,4839,2758,47755,5332,1621
7/23/2024,361954,192108,189372,39113,70416,27175,23201,621,21487,4882,2821,48256,5732,1806
7/16/2024,359948,188244,188570,39613,67219,29579,23442,612,21532,4679,2902,48282,4577,1252
7/9/2024,355306,188621,188474,40915,67128,25475,21953,760,21121,4446,3111,47655,5120,1582
7/2/2024,358342,190697,190653,44758,68460,25530,19638,761,20635,4294,3367,47309,5481,1627
6/25/2024,448392,235492,232309,47588,72461,34863,19628,1264,31655,3982,3956,71497,3687,387
6/18/2024,456616,243104,238695,44120,72454,35341,19879,894,33337,4585,3803,71853,4397,239
6/11/2024,454148,244951,237448,45912,72819,34826,16114,865,32423,4640,3879,71059,4223,829
6/4/2024,447971,244322,233319,44717,72432,34613,13640,945,31863,3909,3924,70540,4367,335
5/28/2024,445196,244759,231670,44535,73093,34464,12238,850,30873,3425,4121,69781,5121,344
5/21/2024,423899,229562,223211,47319,72361,31653,12652,1110,28219,3417,1011,66114,4963,220
5/14/2024,434329,232769,230320,46737,67133,36687,13289,855,29935,3224,1446,67905,3783,48
5/7/2024,430592,233425,226544,41938,67501,32772,14362,591,31748,3372,2060,68903,4072,473
4/30/2024,433478,228493,227179,43013,68128,35250,19654,666,31532,4406,2431,68047,3083,245
4/23/2024,543449,276909,276539,41819,69619,49425,22767,1105,43465,4528,2399,100492,4044,405
4/16/2024,529609,264103,266014,42691,68959,47708,23910,1519,42324,4918,2377,98049,5906,2659
4/9/2024,523178,263322,265409,40625,68673,46701,25171,1153,41442,5040,2527,94853,6024,2420
4/2/2024,520213,261032,265880,41358,67271,44966,25288,1643,40529,6143,2794,94927,5970,2203
3/26/2024,515192,260251,266834,40043,66116,43522,28359,2195,39730,5582,2868,89317,8388,4610
3/19/2024,474959,236769,250476,31174,62555,39137,39478,1374,38998,7396,3965,76848,5159,1606
3/12/2024,470801,236221,247986,31286,67985,36263,43160,734,37528,7884,5250,72910,5549,2145
3/5/2024,472928,237718,251678,30928,69018,34001,44825,913,38228,9956,4852,71768,5504,2470
2/27/2024,621614,300862,322545,33451,69619,60912,50056,2824,51862,11836,4680,107356,5279,1816
2/20/2024,613454,297122,338604,35197,60983,58635,56056,1877,48412,15246,5271,97259,5527,2413
2/13/2024,619035,307704,350183,33892,59886,56264,56955,2485,46060,15798,5773,96036,6326,2348
2/6/2024,588416,291525,352564,34287,47980,55867,63863,3409,37877,16458,6150,81746,6793,2823
1/30/2024,546845,272152,336012,33355,47315,52262,66985,3615,29329,16764,5788,69924,6074,2600
1/23/2024,531239,268993,335651,30134,44231,48125,68913,3218,28915,17559,5566,62974,5626,2559
1/16/2024,520832,265288,325010,24931,45810,45589,68188,2721,31678,16402,4848,62472,6284,2704
1/9/2024,528934,285479,301297,27747,85927,41125,62187,2773,32997,16450,5242,57035,5914,2538
1/2/2024,539344,294669,303468,22732,92164,43250,63568,2582,32544,17526,4198,58820,6235,2318
12/26/2023,535882,294158,304105,23196,89525,42302,62298,2597,31177,17675,4947,58820,6256,2409
12/19/2023,541647,303507,315954,24127,87228,42180,62910,2559,27935,17406,5708,57741,5841,2342
12/12/2023,538909,298381,309382,24035,87008,42261,64451,3852,29326,15590,5724,57111,7754,4245
12/5/2023,534508,299172,313678,25366,86901,39975,65645,3832,28946,16778,5719,52857,5769,2600
11/28/2023,618022,322315,352567,30901,78636,54725,66762,3931,36438,16281,5257,84711,5889,1757
11/21/2023,601302,308172,344411,31183,73856,52658,68608,3614,36954,16575,5780,81971,5181,2058
11/14/2023,594944,306584,341837,30511,73295,52120,71466,3910,34375,13707,6375,81585,4596,1447
11/7/2023,579261,299687,331556,28929,72968,50089,69922,3568,36675,12073,6153,76655,5231,1597
10/31/2023,561568,292565,323134,27204,73311,48733,71152,3850,30468,10696,5550,74968,5782,1554
10/24/2023,551656,292068,319169,26079,75030,44370,71390,4028,29338,10737,5656,72501,5173,1564
10/17/2023,514446,271323,301817,25090,68078,43213,70060,3723,27666,9206,5916,61917,5971,2116
10/10/2023,496161,265407,289785,25908,67498,41441,64506,3867,23766,8120,6765,60992,6021,2047
10/3/2023,490251,260279,286654,27239,67501,41246,66102,3780,21589,8002,7345,60157,5637,1979
9/26/2023,482662,256531,291617,27336,61441,41432,67466,3908,19124,8238,6503,57124,5411,1513
9/19/2023,477939,255324,289943,25130,62404,40019,68629,3787,19351,9209,6454,54702,5575,1279
9/12/2023,471093,258568,285534,17179,62275,45099,70107,4127,15911,10279,7909,48313,5637,1925
9/5/2023,447607,248371,259380,10343,74514,38981,70672,4099,13925,11109,6442,48663,5543,1603
8/29/2023,497578,280666,297137,10742,67774,48171,68106,4027,15258,11499,5976,57565,5571,1670
8/22/2023,480016,264990,289916,13876,66033,45285,72280,3552,14862,10846,5373,53112,4765,1883
8/15/2023,476715,261749,290409,14427,67425,43507,74890,3510,14825,11564,4341,51170,4583,1528
8/8/2023,476434,250164,290945,16372,64661,44284,81478,3734,18421,11500,3369,49661,4554,1359
8/1/2023,478105,246565,291090,16080,66419,43942,84939,3821,19023,14325,3969,48423,4808,1418
7/25/2023,471970,238983,287359,19588,66166,41657,83487,4472,20676,15545,4022,46881,5153,737
7/18/2023,460130,227486,278621,22952,64495,39545,82996,4900,23184,15323,4238,43882,4762,1265
7/11/2023,446139,208461,275466,20948,57660,37622,91919,3810,25415,16481,4560,40098,5195,1508
7/4/2023,446248,202918,283606,22776,48628,36812,95086,3552,26182,16845,4884,41003,4626,1581
6/27/2023,481736,204676,294179,27972,47244,43660,97073,4057,29985,17795,5209,55593,4982,1809
6/20/2023,472105,196990,293045,31101,44798,42589,99201,4355,27172,17086,5728,52828,5138,1590
6/13/2023,461805,188847,287069,33456,44798,41256,98950,4751,25124,16852,5213,52216,5104,1378
6/6/2023,422996,158784,271017,33617,29931,39733,98866,4901,22632,15934,4276,48485,4945,2021
5/30/2023,415711,156272,271533,35705,28034,36404,98924,5144,21856,15360,4601,46579,4611,1560
5/23/2023,413356,155194,270454,32744,29468,35307,102181,4822,21636,16315,5398,44606,5373,1665
5/16/2023,394590,145349,253624,31397,29422,32590,98326,5649,23044,16549,5327,42399,4936,2535
5/9/2023,389368,146879,256227,29729,28359,29473,100318,5109,21367,15098,5026,41246,5258,2561
5/2/2023,382931,143644,256871,30644,28520,24539,104611,5678,22301,14463,5350,37187,5542,2485
4/25/2023,420581,156139,275844,36012,26902,34749,104550,6215,23269,15066,6046,44941,5855,2615
4/18/2023,411389,153318,275035,32196,19006,34984,101949,6889,24550,15275,5377,43217,5900,2331
4/11/2023,392905,146624,265919,33527,16449,31810,96509,7286,23598,14707,5329,40649,5481,1865
4/4/2023,383150,145393,257126,32739,16271,30924,91122,8585,24656,14094,4345,38577,5645,2666
3/28/2023,373127,142245,245506,30723,20416,28993,87306,8572,26479,14965,3232,37291,5125,2638
3/21/2023,360487,140261,238988,26839,19681,29272,82752,8275,23555,15492,1763,36833,5483,2120
3/14/2023,355503,136651,242094,30075,19823,22603,86729,10029,23523,17529,1005,34477,3916,1949
3/7/2023,368824,135185,256276,29809,21128,24395,101584,8998,19942,18270,1227,34549,5090,2309
2/28/2023,357600,132825,252563,27741,20533,20375,101668,9424,17790,18894,2066,32742,5565,2107
2/21/2023,369898,131848,250782,29059,20824,30092,98293,8933,16362,19199,1031,39048,5997,2826
2/14/2023,338816,125041,234079,28954,19818,27422,88019,7708,13569,17626,846,33021,5164,2353
2/7/2023,325752,118627,226511,27982,18601,26660,87406,8736,10519,18463,644,31177,4918,2904
1/31/2023,333440,121822,230995,27536,19051,24949,87956,8046,11073,19755,588,35436,4913,3302
1/24/2023,332252,123547,235492,30918,16111,25120,85635,8504,11343,18580,552,32631,4478,2499
1/17/2023,348852,126661,248500,27640,16293,26004,95062,7027,12312,20334,780,35690,5149,2246
1/10/2023,348939,135994,244167,24299,27038,24534,94603,5791,11270,19753,523,33724,4762,1892
1/3/2023,339365,135630,235219,22266,27824,24079,89064,5945,10907,19287,1067,32172,5960,2152
12/27/2022,331732,134513,237886,20384,19231,23694,85445,5765,10633,19374,867,32081,5608,1575
12/20/2022,320391,130251,238305,32364,17983,17973,80302,5689,9521,17299,1403,27958,4723,1559
12/13/2022,319461,136436,238891,32580,17915,17386,74451,5423,9825,16622,862,27157,5004,2002
12/6/2022,313449,132206,235635,31372,16059,15657,75540,4976,9898,15510,1086,28805,4461,1333
11/29/2022,397745,165112,263384,31228,27606,28913,81983,5931,11924,16949,1926,56814,4822,1247
11/22/2022,384528,164797,260161,30407,28546,24624,81280,5597,12857,16224,1457,49788,4551,1498
11/15/2022,370611,159336,250546,30456,29337,22747,80181,5620,12432,14586,2374,46187,4686,1368
11/8/2022,362431,155012,238051,26102,30740,23211,80064,6530,12293,14868,3918,45926,4955,1762
11/1/2022,331763,148299,220737,31390,28275,18708,68298,7529,11756,10060,4378,38661,4591,1719
10/25/2022,321787,139127,211400,31011,28733,17363,71707,8337,12028,10566,6049,36062,3923,1815
10/18/2022,329319,148557,215562,31067,28845,17436,65714,8548,11487,10137,4882,40846,4075,1713
10/11/2022,333428,152097,215131,28555,29877,17694,64307,8749,13547,11432,5146,41547,4249,1737
10/4/2022,315376,149977,204536,29591,29403,16872,57518,9890,12244,10046,5680,35452,3676,1299
9/27/2022,303704,151950,196636,29131,30293,16276,48630,12276,12154,11753,3922,30463,3347,1684
9/20/2022,292010,151222,192112,32228,29194,15514,41293,11707,10494,10663,3522,27193,3403,2274
9/13/2022,276159,140448,186542,35384,21941,13715,39300,12649,10894,8909,3074,24578,2931,2766
9/6/2022,285158,156867,181700,27179,35786,16405,34002,9473,13318,11189,2886,22731,3467,2859
8/30/2022,293578,168861,188936,26644,28984,19306,27124,15454,10084,12840,2703,25306,3413,2805
8/23/2022,295487,178191,183860,27437,32060,18906,23462,17918,9798,9196,4090,25025,3472,3830
8/16/2022,290313,177185,178043,28379,32240,18392,20868,20162,10224,7705,3231,25609,1951,2412
8/9/2022,296930,185304,173620,27743,40139,18738,19269,23961,9816,9118,2973,24950,1992,2733
8/2/2022,301625,186751,175070,29354,39573,19060,17990,24058,10686,8468,2759,27522,1794,2897
7/26/2022,303877,184473,183203,31834,33461,20108,18486,25027,10817,10374,2463,26434,1351,2364
7/19/2022,293924,177339,171878,32797,32864,19173,16979,28424,10708,9205,1084,26264,1459,3529
7/12/2022,288656,171083,172036,31802,32234,19211,18928,24899,10206,10144,1272,25820,1462,2978
7/5/2022,291312,170446,168701,32130,32023,20154,18789,27536,12190,10232,1162,25734,1637,3812
6/28/2022,302235,169390,177932,32802,32233,20207,20579,19659,15566,10793,985,31803,1095,3850
6/21/2022,308184,168323,174798,30974,33394,21296,21807,21563,22841,11448,1047,31257,238,1988
6/14/2022,309948,167452,177975,31721,33605,21170,26229,20118,20554,10034,1469,31905,883,3152
6/7/2022,310383,166179,182155,31420,34026,21102,27960,16690,18950,10760,901,30723,3289,5836
5/31/2022,310619,167907,181078,32224,36492,21602,28369,18602,18682,10583,961,30081,1171,3121
5/24/2022,306686,167186,180981,31733,36664,19473,28952,17172,18910,9735,836,29846,851,2804
5/17/2022,298433,163487,180007,26309,36745,19213,31874,13122,19610,9856,103,26743,1341,2890
5/10/2022,294365,163061,180735,25647,38663,16258,33494,11802,18167,10811,0,25739,1188,3001
5/3/2022,286746,157927,181275,23958,39966,17554,35178,7619,16471,12306,445,20661,2691,2755
4/26/2022,295100,161387,182840,25267,37679,21320,32857,8106,16309,11207,549,25028,1725,3269
4/19/2022,291517,156897,181142,24885,37544,22036,34800,6665,13809,11164,614,26295,1631,3412
4/12/2022,294885,157986,181454,23802,37666,23184,33645,7227,13460,12419,727,27656,2733,3511
4/5/2022,292638,161762,177020,26596,37329,22281,28129,10992,12821,11554,586,28333,1162,3276
3/29/2022,294377,166287,181880,26275,38181,22717,29692,12084,9836,12425,672,25848,1297,3159
3/22/2022,299497,172088,181751,27314,38152,22164,27402,15341,11979,11566,463,26266,718,3381
3/15/2022,306159,177258,187605,24234,40084,24574,30339,11529,12717,10529,859,25542,966,3249
3/8/2022,314910,184966,188146,21874,41829,24853,30512,18013,13862,12381,715,24726,1736,2766
3/1/2022,320189,183920,192231,23708,37493,23841,34243,19885,16633,10652,1299,25239,1953,3568
2/22/2022,327370,183071,216034,24914,24111,28707,35749,12464,17495,11613,1293,24356,1465,2910
2/15/2022,320846,174352,215888,21482,24387,28429,40925,7619,15888,11598,193,25861,2311,2581
2/8/2022,314583,177831,224187,26011,13044,20829,32542,9264,14914,9877,362,29906,2673,2077
2/1/2022,315157,184183,233095,36862,13005,9616,30343,13062,13535,8638,307,29583,2397,2954
1/25/2022,312441,177263,232143,40811,11923,8749,33365,14407,13724,8806,971,27709,2014,2815
1/18/2022,301742,179010,225938,37709,11732,9487,28063,14983,9968,8434,528,26429,2642,2677
1/11/2022,307239,184983,216377,42568,12420,8481,26640,32243,9110,8610,561,25027,1820,3020
1/4/2022,308277,186234,213799,43986,13871,7727,25570,34558,8734,8625,711,25713,1688,3164
12/28/2021,306597,188841,217209,40495,8366,8187,25200,35474,8285,8520,494,25473,1596,3109
12/21/2021,302093,186375,212925,39237,8392,7840,25389,36157,7478,8639,501,25556,1579,3244
12/14/2021,309388,192691,216421,39193,7828,8762,24324,37629,7089,8904,649,27380,1045,3630
12/7/2021,310240,193654,216848,38338,8211,9601,23991,36867,7878,8548,598,26907,1323,3330
11/30/2021,326664,194721,231439,51388,4428,12813,24609,38251,7378,7474,698,27586,695,4071
11/23/2021,334457,192817,239309,48092,5181,13520,27922,31742,10028,9390,261,30819,1869,3597
11/16/2021,330601,191573,232866,50114,6193,11372,27645,36804,6797,8445,615,32564,2091,3390
11/9/2021,325429,188347,236037,50929,5884,11074,27511,29844,4037,6943,933,34511,2077,3109
11/2/2021,322166,183477,250180,44958,6022,11816,34439,12771,6730,6808,604,31207,2731,2836
10/26/2021,321998,170885,254142,38378,6760,12176,53784,7000,8820,5150,798,30000,2805,2302
10/19/2021,321319,166810,253107,33961,7946,11795,61902,6090,9419,5111,608,29370,2951,2984
10/12/2021,322465,169534,254405,32023,8953,12027,58091,3962,7092,7110,651,33062,3526,2313
10/5/2021,325602,172725,256228,33077,9584,11649,54482,3338,9275,7110,370,33296,3988,1862
9/28/2021,314212,176195,246513,33741,8206,10563,46685,6279,12304,4748,883,26206,3770,3258
9/21/2021,319610,183959,249803,32949,10535,10708,43883,6827,13057,5624,470,25817,3613,2393
9/14/2021,320869,188503,252889,35601,9092,10763,39632,7405,12829,5519,743,24987,3035,2161
9/7/2021,330712,207727,245968,18681,17687,17076,37205,7780,12824,7063,366,27304,2832,1707
8/31/2021,330762,210806,248980,26967,17828,13974,33330,10820,10394,5230,372,26653,3408,1741
8/24/2021,344343,219974,250659,25472,20947,15044,29271,8898,11239,5732,591,34937,2674,2028
8/17/2021,339742,222292,241152,21504,23374,14116,22524,12122,11765,9234,470,35245,3062,1498
8/10/2021,324903,218495,216743,28809,23445,12289,12003,26519,13954,7641,641,29450,2262,1862
8/3/2021,305900,207109,198122,32295,22841,11518,7812,32510,12297,6225,382,26255,2389,1975
7/27/2021,300973,205544,185076,29494,22928,11443,7169,38984,12881,6213,694,26251,1978,2716
7/20/2021,288310,197937,182732,33453,19332,9721,6632,37865,10165,5007,863,23790,1605,3842
7/13/2021,272135,187497,176176,27087,19778,11481,7904,29600,9666,4573,986,21920,2007,2528
7/6/2021,277368,190839,176747,29954,22488,10590,7476,30786,10442,4060,680,22173,1834,3462
6/29/2021,282559,192926,179675,29129,23149,11821,7976,29709,8764,4178,546,25709,2056,3186
6/22/2021,269674,178947,176045,27630,18034,11954,7796,24160,9423,4963,350,26544,2417,3164
6/15/2021,266601,171964,169737,27676,18091,12316,7871,23042,11861,4962,445,27767,2184,3342
6/8/2021,263699,165498,166440,31169,18071,10232,7607,21588,15047,4338,892,27801,2007,3628
6/1/2021,257182,153423,168098,32560,17917,9005,10205,13291,18253,3821,286,27071,2844,3261
5/25/2021,249664,146980,163793,30611,18360,8269,11439,9483,18684,4153,631,27237,2291,3207
5/18/2021,246775,147143,165255,27086,19033,9784,14969,8574,14948,4329,932,25886,2630,2363
5/11/2021,260597,163873,163097,31479,24447,8549,8573,20150,14725,4498,854,26263,2637,2512
5/4/2021,259253,158556,161525,35105,25037,7462,10982,20417,14791,4086,1098,25939,2332,2984
4/27/2021,271307,158526,166948,32898,25181,11871,11712,16156,14462,4887,362,33281,3670,3046
4/20/2021,260719,149735,159591,34659,25656,10624,12652,15763,11892,3356,537,33844,3957,2812
4/13/2021,252199,143696,162478,31383,25290,9961,18436,10902,10048,4002,420,30619,4054,2481
4/6/2021,243388,129030,162985,24140,24942,10869,33800,3103,11961,2378,527,26794,4416,2207
3/30/2021,247954,130382,167326,22742,21242,10754,34676,3250,14676,2259,383,27839,4626,2484
3/23/2021,258000,139255,178597,21802,21289,10034,35204,886,17396,2446,500,26654,5209,2644
3/16/2021,260069,137294,182466,20650,17887,12036,36778,583,18227,3171,514,26078,5835,2278
3/9/2021,254401,135156,179754,19794,17789,11215,36182,819,17062,3945,389,24973,6074,2400
3/2/2021,249897,138213,177115,18801,17970,9843,30548,1240,15443,4165,300,25746,7138,2240
2/23/2021,275576,164240,193864,24447,17617,11913,21861,3007,13416,2038,631,32310,5351,2818
2/16/2021,279522,169964,194621,22534,17511,12081,19388,2761,14359,1865,560,34666,4665,2963
2/9/2021,278629,172249,193555,16589,17693,11954,20416,1652,16256,2289,651,34270,4606,2598
2/2/2021,273862,168303,187376,14041,18292,12032,21180,1580,17659,1700,466,34063,4884,2394
1/26/2021,266451,165578,184263,15748,18126,11568,20330,1664,16717,1669,1283,30304,4537,2526
1/19/2021,259729,159824,179265,15104,17552,11922,20796,1949,14768,2351,1209,30814,4150,2250
1/12/2021,254363,157965,176111,17044,17312,11829,18269,2840,13819,3062,1266,28467,3908,2719
1/5/2021,253288,155804,176155,17953,17527,11266,19741,3074,13389,3360,884,28095,3680,2898
12/29/2020,248399,149332,175448,20472,14733,9970,19490,3178,13370,3410,461,28821,3534,2418
12/22/2020,245834,146364,174413,19600,14625,9785,20326,2086,14020,3653,79,28678,3408,2148
12/15/2020,240353,138710,169858,19033,14724,9738,23523,987,14321,3581,571,28184,3263,1970
12/8/2020,246184,140148,179493,23871,14263,8589,25749,662,14149,4434,619,26053,3191,2356
12/1/2020,247663,143191,178501,22629,15479,9433,25187,2778,13847,4437,918,23743,5196,2964
11/24/2020,275966,156776,187151,25475,15361,14394,20134,5937,13981,5185,576,36423,3598,2143
11/17/2020,277890,162456,183214,36197,17521,11354,14191,14136,12001,3589,1083,34754,3348,3827
11/10/2020,275677,159477,182994,39999,17445,11084,13509,14050,9679,3434,1069,35200,3295,4156
11/3/2020,270899,154134,179406,40674,17085,10057,13312,11537,11112,2354,1151,36381,2875,4170
10/27/2020,255091,143801,173113,38815,17264,8894,15032,10629,10269,2879,454,31714,3687,2754
10/20/2020,251264,140564,170713,40016,17038,8745,15704,10353,9233,2177,858,31323,3502,3001
10/13/2020,245107,125960,170813,40349,11190,9209,21623,7450,12282,2246,1373,30278,3160,2512
10/6/2020,240933,115288,171348,37701,10272,9045,30230,3953,14827,1910,1223,28470,3462,1795
9/29/2020,240182,114213,173505,32921,10624,10439,34594,2460,14760,3237,229,26303,3715,1862
9/22/2020,243870,120819,178421,32252,10481,10518,32498,2045,14777,3538,223,25575,3893,1830
9/15/2020,242761,125841,177829,30427,9577,10173,28666,5258,13687,5527,94,24385,4055,1758
9/8/2020,243009,144674,174176,20310,11336,13335,22778,7815,11964,4042,168,22016,3890,2199
9/1/2020,256168,161112,180944,20755,11364,13430,17243,13183,11851,4477,44,23304,3996,2048
8/25/2020,283394,178640,194059,26561,11913,13612,14882,17457,10712,3018,76,32519,3450,3046
8/18/2020,287588,183963,195403,27571,11552,14920,12966,20497,7861,2800,254,34339,3166,2762
8/11/2020,288419,185437,186716,25261,12386,13596,12016,26367,9847,2749,107,35606,3907,3795
8/4/2020,292150,185419,183151,28287,13467,12004,11742,30912,12847,3027,350,35626,3199,3793
7/28/2020,301562,183082,185611,36847,13476,10950,12759,34461,13719,1943,1036,38243,4019,4066
7/21/2020,302429,180888,190798,37997,12455,11086,13400,30978,13601,3483,2010,38005,3969,3496
7/14/2020,300932,180718,195312,36601,12221,10635,14713,25821,13375,3307,1903,37737,3846,3927
7/7/2020,293451,172664,196264,35737,11547,10704,16324,19258,13394,2431,708,37249,4948,4327
6/30/2020,299026,173895,208379,39220,11399,10750,18615,13300,15353,3124,2786,33500,4568,3558
6/23/2020,307181,169038,215502,43556,11626,13890,20528,8561,12660,2399,853,40495,4615,3594
6/16/2020,307693,166355,222185,42740,12156,14548,26096,3751,11177,2290,546,39895,4592,3435
6/9/2020,308966,161295,225715,38820,12321,14645,35239,1942,14351,2995,424,36336,5285,3232
6/2/2020,309646,156024,225742,38301,12036,15516,40267,1395,17326,3471,377,33545,5196,3710
5/26/2020,304618,153016,224382,36856,11750,16750,40376,442,16019,4179,294,32156,5266,2825
5/19/2020,300135,152364,220521,34836,11957,17663,39512,910,14641,5058,404,31323,4738,2718
5/12/2020,295977,155042,219713,35870,12188,16866,34679,658,12880,5201,291,30459,4980,2922
5/5/2020,292094,156007,217356,40527,12254,15137,29434,1203,12058,3577,505,30748,4606,2833
4/28/2020,325912,172871,231770,43184,12777,20328,28639,4554,11990,3340,576,41736,3823,2180
4/21/2020,329738,179954,233300,43169,12651,18492,24604,5768,13719,3074,930,42202,4525,2677
4/14/2020,335091,181255,237152,45786,12470,15828,25071,5106,16638,2493,930,44026,3994,2940
4/7/2020,333789,180886,234295,41176,13416,17315,26176,4721,17275,3734,789,43352,3875,2625
3/31/2020,337697,171867,237386,49135,13091,15928,29120,3196,18141,2879,928,46053,4572,2973
3/24/2020,331433,163137,233316,44602,13403,17366,34363,1265,20626,4658,607,43101,3581,1750
3/17/2020,337191,157461,237398,43919,13639,16188,43696,801,25823,5210,647,40594,4300,2099
3/10/2020,341819,146850,239248,41305,14353,15095,57750,1407,29621,6890,763,39641,4667,1691
3/3/2020,349988,146324,244889,35552,14915,17417,68820,1323,29557,8435,753,37957,5926,3177
2/25/2020,404847,169025,268014,33403,16334,26078,72462,2281,36582,8949,487,52770,5578,2300
2/18/2020,408573,172924,271753,34195,16407,26138,72914,2419,35915,8049,604,52762,5675,2574
2/11/2020,404021,175452,273643,33757,16437,27279,71599,1747,31411,7693,489,50936,5894,2078
2/4/2020,390359,172566,270433,36111,15459,24776,69909,1686,26638,6571,541,49102,4685,1723
1/28/2020,398257,176722,272995,34523,15415,28354,69622,512,29281,5605,561,49799,4352,1341
1/21/2020,403029,187547,274929,30537,15705,30425,63719,348,31336,6888,494,48230,4347,1562
1/14/2020,378752,187580,264433,35123,13037,23348,54014,6680,26718,6250,1269,42080,3639,1188
1/7/2020,366794,181676,261378,48614,12039,16723,49031,11980,22396,5096,892,39782,3477,1606
12/31/2019,366959,182861,263904,50803,12037,15985,47948,11464,22653,5077,1053,38576,3057,1289
12/24/2019,365515,181195,264315,54146,12247,13406,47759,10200,23845,4010,1385,38580,2574,1538
12/17/2019,363596,170400,259294,50663,12539,15335,54684,9108,24536,5043,1204,40006,2929,1573
12/10/2019,386519,168549,284443,56090,11764,15527,68907,4098,27560,5982,1612,40192,3712,1324
12/3/2019,396290,171820,292434,52090,12237,16684,77183,2874,31168,5930,2002,37561,3855,1329
11/26/2019,436551,186305,293977,38699,16108,32333,80412,2737,38645,6161,1454,49201,4795,2095
11/19/2019,436870,189361,293357,37460,17479,34770,79492,2830,38872,5218,779,46791,4905,1992
11/12/2019,432000,191095,292751,39474,16087,33281,75315,3181,37243,4007,523,46940,4645,1993
11/5/2019,422591,195725,294702,42278,14341,29013,70465,4181,34882,3206,1197,42785,4237,1489
10/29/2019,423417,200887,299813,39380,14773,28687,72681,3543,34267,3288,1153,39463,4764,1718
10/22/2019,418034,202337,296851,38803,14378,28263,69491,3495,32622,2997,1614,39019,4501,1791
10/15/2019,417143,200351,290245,34193,16497,30617,69210,2173,34871,3148,718,39445,5308,2577
10/8/2019,401772,191113,276184,33688,16560,31414,65757,3128,33248,3908,677,38060,4585,2500
10/1/2019,385289,192745,262554,34172,15787,30827,51496,6252,30949,3850,375,36191,5058,2353
9/24/2019,363415,197790,247712,34045,15124,26890,32311,7884,30071,4551,244,32322,5436,3167
9/17/2019,348970,201985,236970,37405,16080,24082,23575,15479,23490,4540,76,29776,4117,3017
9/10/2019,356225,224801,232269,35701,32651,26267,19227,19249,15108,3829,153,28090,3202,2438
9/3/2019,350445,219798,224021,32752,32937,27103,20926,19086,18601,3043,950,25019,3202,2728
8/27/2019,366737,231562,243459,31492,32823,26222,23669,13314,18276,2940,821,29427,3149,2395
8/20/2019,364447,220625,246163,30180,31931,24320,35428,9936,21852,2810,1367,26344,2888,2534
8/13/2019,363108,206772,246078,26055,32885,22601,47219,4876,28346,3433,1063,24807,3875,2452
8/6/2019,370053,201024,250699,21867,33340,25010,60198,4432,28612,3496,695,25682,4164,1582
7/30/2019,367876,198934,246864,18940,33721,27683,59883,4309,27449,4229,175,26290,4468,1383
7/23/2019,362999,199290,242588,15978,33692,27693,57925,4324,27780,4903,226,25095,4335,1601
7/16/2019,353815,193363,236932,16422,33164,25423,59909,5601,27001,4037,261,23819,3842,1615
7/9/2019,350707,186316,236443,19073,34032,24826,60972,2972,25892,4413,238,23958,5257,2345
7/2/2019,341241,182395,230141,21107,32954,23094,57649,5114,25154,4449,112,22034,5361,2638
6/25/2019,363987,189293,241801,26970,32953,28693,54809,3734,24886,4576,131,28660,6101,3128
6/18/2019,357596,183864,236683,26539,33014,30261,53379,2517,24093,5297,151,27978,6185,2899
6/11/2019,349273,182517,229543,25744,32616,29296,49830,3548,24094,4536,252,27815,5441,2108
6/4/2019,333433,176416,224509,32641,32172,23733,45662,4274,21055,4179,213,24360,5387,3117
5/28/2019,330997,177414,221318,30589,30918,23905,42912,6866,20249,5160,124,24867,5901,2750
5/21/2019,326517,177188,221338,31500,30855,22745,41972,6577,19467,5043,60,22969,5632,2505
5/14/2019,321549,168997,223964,37357,30915,17213,46950,5113,20488,5047,428,21733,3763,1694
5/7/2019,326801,167856,226673,35080,31065,18186,51070,2688,21887,4554,598,23401,4767,2303
4/30/2019,322725,168178,222852,33749,31001,19711,46681,1728,21681,5381,1181,22110,5234,2461
4/23/2019,328955,172387,217673,33883,31077,22998,37664,2674,23447,4705,393,28291,5580,2402
4/16/2019,333566,180000,218432,32352,31205,21686,33586,2680,25747,4176,568,30598,5422,2651
4/9/2019,339219,187344,214962,31580,30432,23607,28823,8542,26832,4595,370,32186,4252,2288
4/2/2019,339564,194513,209063,33006,31000,22234,23676,16035,26294,3989,324,31542,4311,3073
3/26/2019,326171,190703,205964,34794,25646,18942,21375,17252,25620,2683,485,29073,2980,3189
3/19/2019,317092,182768,205933,35594,25010,18410,24956,13731,23504,2170,291,27278,2413,2935
3/12/2019,323241,178978,215663,36932,16828,21762,28278,12809,23474,2263,553,28290,3264,3863
3/5/2019,311795,171311,219465,35994,10162,16823,32212,10030,26294,1744,1121,24899,2517,3001
2/26/2019,331905,171702,221281,30659,11048,24394,36507,9149,29471,3356,810,33307,2510,2445
2/19/2019,340211,177594,220556,27908,11280,26256,34612,12934,30501,4613,632,35510,3217,2542
2/12/2019,328119,179491,211100,29994,10939,25094,29060,19545,24113,4325,464,33838,2206,3027
2/5/2019,332533,183602,208868,35156,9877,23130,24591,26527,26623,4239,607,33323,1869,3578
1/29/2019,324387,175644,207427,35210,8841,21617,26543,22276,27841,3551,474,32322,1660,3589
1/22/2019,321773,177511,212437,32393,10251,20343,28957,18339,24864,3684,351,32288,1734,2901
1/15/2019,312292,175837,210694,30170,10331,20687,29510,16854,19596,3724,90,31074,1694,2965
1/8/2019,304480,172780,205132,28019,10887,20239,28646,17642,19114,4620,46,28718,2344,2701
12/31/2018,296226,171164,197117,27720,11454,20040,26696,21194,16802,4615,32,26747,2442,2841
12/24/2018,291641,171383,186344,29354,11432,17995,23580,29045,18206,3760,444,25512,1851,2663
12/18/2018,290464,172608,180628,31015,11866,17235,21402,35939,18000,4205,423,23522,2477,2852
12/11/2018,297834,180245,184080,36388,12789,15063,20003,41860,17684,3707,1013,23061,1684,2286
12/4/2018,292931,176862,180247,35160,14487,15196,19647,40698,16999,4938,660,20869,3260,3776
11/27/2018,321267,182122,195369,39777,9984,23888,19864,38332,20249,4290,1371,27163,3913,4911
11/20/2018,318081,183252,201686,37376,9905,22369,20814,33348,20973,4513,487,26169,2614,3144
11/13/2018,315008,183320,205165,35953,10264,21914,23007,30001,17120,4579,561,26043,3072,3940
11/6/2018,327606,185456,208690,33946,10206,22349,22079,27032,25312,5193,427,29907,3364,3683
10/30/2018,327094,188917,205592,35397,11513,22085,21105,30166,21559,3428,592,31721,2883,3867
10/23/2018,334577,199087,204526,37659,13466,19733,21144,40100,19581,2747,1179,31719,2908,4274
10/16/2018,331434,196963,199322,40441,14353,17254,19203,42653,20556,2565,1442,31030,3424,4824
10/9/2018,335678,198056,200240,43669,17081,16313,19173,42907,22332,2631,1609,30276,3229,4920
10/2/2018,337176,197133,200660,43211,16956,15700,20512,43579,23060,2551,1516,31254,3755,4452
9/25/2018,312617,186783,176739,26727,21764,22504,22624,39576,22353,3284,583,25284,3058,3815
9/18/2018,302619,180148,174575,25650,21248,22308,23255,35712,20840,3038,545,23776,3603,3615
9/11/2018,304716,185305,183991,21737,21324,22956,25201,30623,20195,3389,486,22281,3651,2859
9/4/2018,305151,185610,181706,19757,28024,23339,28653,27626,16398,3500,648,23471,4422,3939
8/28/2018,324642,186964,191613,19458,21448,30199,28466,25494,21432,3209,559,30916,3999,2981
8/21/2018,325089,184350,192100,24291,21494,27660,27601,25131,23714,2603,609,30549,4321,3832
8/14/2018,315958,175625,189947,26626,20946,26859,26924,19942,23471,2583,690,29371,4500,4733
8/7/2018,307246,168893,191963,27668,21109,24729,28555,13887,21503,1940,1052,29574,4384,3430
7/31/2018,291847,152486,206528,35572,15878,15701,35982,3438,20852,1826,1388,25018,4410,3045
7/24/2018,281843,148141,207907,31871,15321,15312,42020,3011,15393,2062,1042,21885,5159,1971
7/17/2018,284940,145878,209046,26985,16275,17189,48545,1513,16257,2634,402,22260,5193,1997
7/10/2018,289029,150939,214797,24954,14101,17708,48595,1023,17435,2987,342,21854,4556,1769
7/3/2018,295304,160284,216983,23022,15298,18260,47196,2149,19209,2070,492,21494,3768,1419
6/26/2018,336091,177921,228935,23291,15580,29768,43992,4041,20606,2557,724,33929,4028,2508
6/19/2018,332885,180437,221988,21462,16338,27412,41120,7201,21588,1838,1206,34129,4897,3022
6/12/2018,324403,171815,216818,22197,15725,26254,43575,7565,20664,1784,545,33671,4442,3161
6/5/2018,330216,170663,220008,18501,18931,26708,52518,6784,23924,2713,924,29743,5446,3194
5/29/2018,336938,162643,221032,17849,20878,27553,58829,3708,29168,3324,191,31100,6471,3307
5/22/2018,344238,165970,224883,15425,20926,29754,62247,4137,29574,3063,111,31350,6854,3503
5/15/2018,343853,164136,222859,15621,21607,29488,63523,4961,30430,3217,100,31524,5913,2884
5/8/2018,357283,176450,238030,13826,20202,28849,65125,4437,30587,4405,117,31914,6127,3147
5/1/2018,371712,190976,248838,12836,21678,29488,65607,5390,30206,3728,69,32076,6796,3967
4/24/2018,401743,214604,263455,18363,25784,28011,59545,8833,30914,2787,45,42116,5402,2584
4/17/2018,385127,206461,251981,18395,26310,25791,55242,8719,28881,4582,797,40187,5587,2461
4/10/2018,369997,204714,240703,18835,27246,23363,51521,10811,25709,3401,1346,37001,5454,3819
4/3/2018,360815,192460,229069,18989,27236,24229,51773,10949,27678,2900,1052,37559,5227,3041
3/27/2018,344268,171492,221685,27001,22741,20838,49329,8580,28053,3669,894,39622,4265,1856
3/20/2018,335895,165735,212854,26448,22724,22426,45466,10132,27640,5642,447,36978,5559,2694
3/13/2018,338798,177232,205175,25749,23076,23019,38919,21908,27353,6483,340,35322,4722,2605
3/6/2018,351650,203557,206937,24948,27263,21149,33040,34274,27507,6655,401,30711,4083,3407
2/27/2018,364381,224962,212022,24995,26778,21812,25686,42872,23858,6724,397,32904,3440,3739
2/20/2018,352582,221097,208483,23185,15530,22017,24010,48953,23328,5887,957,29574,3484,3740
2/13/2018,353046,222803,198699,22353,19027,21408,24678,54756,25416,4709,885,28494,3187,4362
2/6/2018,368199,225888,197083,23302,18864,20957,24314,61936,31513,6035,602,32665,3526,4579
1/30/2018,357675,227233,182531,21858,18597,18371,20188,71271,30929,4802,980,31492,2803,3505
1/23/2018,351092,229584,178873,20224,17926,20408,14562,70445,30315,4915,1533,27992,3093,3600
1/16/2018,348025,229326,174655,19517,18392,19991,12408,71345,30312,4870,1051,28706,2894,3573
1/9/2018,348283,232698,173642,19072,18384,19970,11058,73628,28517,4914,1628,28779,3276,3734
1/2/2018,339162,229560,172337,18683,17800,20188,11465,72775,24584,5384,1050,26484,2814,3945
12/26/2017,332485,224361,170695,18866,18558,19368,13131,70652,23168,5312,644,25452,2827,3947
12/19/2017,322184,215301,164050,18178,17709,19126,12240,67584,24264,5666,658,24306,3104,4488
12/12/2017,310755,209773,158641,17707,17017,18903,10645,65260,23446,4730,644,22051,3499,4792
12/5/2017,288785,195518,155399,18046,13557,17949,9671,54169,19862,3271,1565,22073,2394,4210
11/28/2017,315066,196207,183422,21649,15270,19566,18248,41089,23723,5312,1148,28525,1837,2323
11/21/2017,315606,190939,189450,19061,14213,21473,22328,33520,22837,4939,582,29694,4336,3837
11/14/2017,319000,191478,195394,17372,13739,22413,26309,30939,21465,5075,647,30927,3961,3476
11/7/2017,325586,206971,194591,16644,16002,22171,23840,41770,18962,5704,492,27506,3788,4091
10/31/2017,330002,215070,203335,17717,12926,22077,22186,42178,18160,4157,233,26999,3637,4094
10/24/2017,334180,215833,203142,16672,14474,23178,23108,41335,20619,4168,408,27317,3285,3707
10/17/2017,328264,209427,200242,16397,19707,23220,23565,33660,21618,4828,172,25550,3661,4096
10/10/2017,330315,209332,195717,17787,22059,22477,23810,36218,21718,4356,186,27802,3033,4138
10/3/2017,339868,214497,190479,17797,24924,22983,24779,45388,24700,4678,421,26908,3527,4065
9/26/2017,332812,213581,184243,21626,26199,20449,23597,49251,21616,3165,391,25978,2800,4686
9/19/2017,320700,206115,175486,20667,23887,20366,23251,49925,20841,1688,676,24695,3076,4824
9/12/2017,312047,201295,168139,16224,21991,24565,21158,48145,21131,2455,1605,22131,3087,4340
9/5/2017,300000,190150,160963,14683,21017,24724,19731,42488,23424,1655,446,22629,3005,4311
8/29/2017,327069,199796,168571,21920,24613,31214,14131,40648,26143,2007,481,28478,3379,6919
8/22/2017,311424,184664,170412,29750,20533,23402,14252,38155,24755,1683,780,28699,4219,4688
8/15/2017,299582,178210,168869,27166,19626,23927,15335,30977,22959,1319,834,28256,2409,4133
8/8/2017,304586,182974,179925,25288,18108,22338,16693,27757,21950,2582,481,30135,2626,3892
8/1/2017,304906,187833,181245,26090,19598,20197,15997,29958,23344,2567,294,26391,2486,3879
7/25/2017,302817,187490,175992,20474,16074,20499,20494,34845,26390,992,657,24105,2373,4255
7/18/2017,304375,188948,173320,21162,16864,19866,20205,38259,28284,915,733,23153,1842,3895
7/11/2017,320980,198164,183394,21778,19681,20277,19728,39085,28516,4651,666,24710,3156,4652
7/4/2017,305295,188351,178231,22280,18890,19469,19958,33063,27638,2091,529,22377,3130,5098
6/27/2017,333824,198829,188342,24355,23013,22339,21993,32233,29456,1449,637,31955,3448,5848
6/20/2017,327027,195366,191722,24539,20637,22553,23369,30045,26854,1812,253,29840,2693,5123
6/13/2017,332801,198178,191614,21341,22465,25047,24198,30462,27961,2657,112,30443,2976,4697
6/6/2017,338404,198614,184093,23382,26382,22928,21166,32723,31684,2854,72,34383,3394,6139
5/30/2017,339835,190480,195681,36600,23308,23321,19496,29257,32247,3449,50,30653,3588,5318
5/23/2017,342043,190629,205081,44521,23206,19510,18378,26560,33844,3127,206,28908,3127,4728
5/16/2017,340370,191130,197260,43982,23130,20881,14774,30738,34959,2871,402,28235,3538,4764
5/9/2017,353370,200389,197259,43995,24658,24733,13182,34962,33955,1908,797,31944,3264,5062
5/2/2017,347136,203047,190264,44922,30255,23264,12839,39566,28069,2055,558,29297,3644,5864
4/25/2017,388423,220593,208821,45076,29602,29247,13841,40014,29947,2101,788,44460,3158,5544
4/18/2017,382085,218696,213048,44215,28280,25318,19556,39421,30911,1776,411,38937,2676,5760
4/11/2017,367247,211599,209509,44014,27737,23265,20245,37862,28336,2251,125,35096,2441,5317
4/4/2017,360423,205000,206894,42249,27002,23708,20798,35673,30444,3384,276,31491,3349,4935
3/28/2017,358181,204070,199223,43880,31178,22502,15611,29128,32290,3119,5753,33566,3144,4542
3/21/2017,366321,211144,201263,45022,32697,21541,14923,31146,35446,2573,7064,32573,3100,4591
3/14/2017,381127,227754,208496,38663,37271,23603,16664,32573,37715,3398,7435,30280,3051,3754
3/7/2017,384181,232801,204015,38320,44554,22688,14213,31713,34874,2745,6675,34091,4449,5571
2/28/2017,413543,258711,231879,41907,44435,25821,11577,30563,32341,3220,5805,37248,2719,5451
2/21/2017,481357,262764,242024,39008,33526,45177,9333,30317,48203,2485,5509,71064,3322,5536
2/14/2017,477802,264966,241569,39053,33865,42939,9569,31749,46292,1670,6080,70134,3180,5175
2/7/2017,450189,256994,231614,38810,32999,39682,8220,30475,40801,1504,7455,61589,2590,5575
1/31/2017,440827,259175,233730,38085,33563,36995,8725,28945,37608,1228,8205,56490,2521,5290
1/24/2017,435262,247106,234049,47772,35018,35993,11022,28700,37456,1543,8197,51183,3188,4667
1/17/2017,415643,246221,226159,33901,28977,35817,12402,27472,34128,1422,9506,48840,2913,4745
1/10/2017,414976,250973,230420,33341,28246,34948,11530,27968,33194,2304,9834,46006,2680,4360
1/3/2017,409509,250469,225917,32953,26795,33990,10130,31366,31139,1778,9760,46197,2853,4345
12/27/2016,396672,242730,217160,30593,27895,33783,11042,30687,28680,1671,8586,44582,3591,5298
12/20/2016,393678,239770,211236,30182,31589,32620,12406,31472,28731,2095,8412,44777,3098,4841
12/13/2016,384673,231458,201846,28672,28173,35717,13593,37487,25438,2349,6866,44056,3390,5090
12/6/2016,361352,216475,190153,25650,25987,30343,14559,37034,27261,3371,5514,40366,3327,4693
11/29/2016,407330,234535,208674,18454,29729,41600,16479,32329,35661,2998,1512,54703,2901,3122
11/22/2016,405328,237167,211571,15639,32487,39095,16242,30035,34040,5943,1255,53921,3281,2923
11/15/2016,406674,238075,214962,15716,33236,37875,16989,25920,35050,4884,2362,54282,3803,2988
11/8/2016,390196,222544,208760,19875,36812,32036,19785,21543,36497,4643,3025,50782,4035,742
11/1/2016,372287,196956,198124,11096,37073,30821,30141,10407,42471,6556,2116,49553,4694,1722
10/25/2016,374453,197681,199566,11956,38268,30457,30012,9050,42109,6486,2329,50985,4767,1690
10/18/2016,373317,192632,202086,13471,34586,31543,30725,7525,42767,6913,2309,49802,5465,2699
10/11/2016,360796,185337,199090,15630,37455,24709,32603,5088,41761,7189,2252,48323,5244,2118
10/4/2016,354578,181441,195890,17029,39306,23263,32050,4402,40125,8248,2193,47606,4816,1793
9/27/2016,340819,158279,177953,17667,40914,23868,33887,4214,39958,10496,1065,49040,7624,3807
9/20/2016,325804,146586,169010,17330,36785,25376,32633,4049,36477,10593,1290,50667,6141,2149
9/13/2016,310548,135876,164625,17962,33483,25449,34657,4426,29868,12739,1789,48614,5383,2295
9/6/2016,313473,133438,162225,15980,35634,24095,40956,1518,40056,7468,2658,45096,6386,2191
8/30/2016,417578,162170,186579,13298,42707,49095,45139,1406,62547,7702,1905,69848,7779,3491
8/23/2016,436768,170241,195777,14567,46210,52215,46814,751,66838,8020,1267,71530,6543,2181
8/16/2016,442484,177229,198985,14025,52031,51494,49411,1126,64002,7953,1452,71595,6774,1798
8/9/2016,417790,170073,194387,15105,45182,46326,46396,1681,61943,7719,1041,64393,5834,2836
8/2/2016,397724,165790,184921,14207,50602,35311,48114,2356,60893,6993,1553,60616,5800,1473
7/26/2016,404589,155912,194781,17616,39850,37248,54632,3033,66077,7063,1248,61223,4817,1129
7/19/2016,425552,168689,209390,17440,45018,35494,60844,2094,66372,6864,1568,64191,5659,1425
7/12/2016,426143,172662,218482,16087,46150,35141,67086,1800,61355,7591,1304,60327,5893,1584
7/5/2016,410413,164210,209642,16834,49711,32310,68124,1120,57864,8772,1241,56904,5394,1620
6/28/2016,481977,191113,230032,12361,46797,51103,65462,1461,79955,7400,1910,68814,5768,1904
6/21/2016,444831,182888,218741,13804,43876,45394,57670,2009,72495,7629,1260,59079,5873,1977
6/14/2016,450382,185514,217407,13155,46820,45517,57204,2416,72384,7360,1257,63434,5813,1147
6/7/2016,432674,184038,219326,13595,39673,41416,54341,2081,66514,7194,1541,60154,5422,1969
5/31/2016,414935,178515,214448,14044,37248,37641,52398,2187,63484,6572,1642,56393,5889,1891
5/24/2016,407363,173350,215701,16308,34964,35344,54080,2456,62241,6449,793,54250,5340,1613
5/17/2016,406260,171614,219353,19713,32724,33496,57597,2560,61174,6000,2811,51457,5209,2685
5/10/2016,451899,189550,245335,18032,36859,39856,69919,2929,66258,5861,2190,55453,6970,3020
5/3/2016,466425,190179,247694,15181,40520,48364,76876,2193,66471,5396,1278,57115,6845,2790
4/26/2016,484457,199937,245429,17269,42201,51293,64531,2548,70864,6114,1381,68674,5776,2068
4/19/2016,444552,188374,229837,15929,37049,48061,56867,2519,62436,5925,682,61339,5620,2629
4/12/2016,429446,181783,223584,17969,33633,45621,51915,3126,59847,5940,502,59892,6478,3241
4/5/2016,415517,171359,216385,21345,32817,44969,51805,3244,55723,5677,696,57905,6733,3777
3/29/2016,429499,173923,217132,19578,39356,48025,56742,2663,59725,6549,1102,59583,5373,1912
3/22/2016,436684,173143,220238,18855,37056,52832,60184,2173,60431,5281,1979,59454,6504,2520
3/15/2016,443496,181208,225905,17641,35841,54039,58998,2442,58859,4441,2201,62368,5941,1841
3/8/2016,436344,190486,232148,16907,29813,51216,52497,3354,56374,3599,1481,61552,3713,406
3/1/2016,444497,202204,234115,12744,35048,52435,52657,3924,53002,4042,1043,63111,4302,1819
2/23/2016,465503,199571,231581,10437,25561,57470,49445,5854,62970,2699,1151,79393,3519,1524
2/16/2016,447597,191536,224629,12916,22310,53974,43905,6484,59814,3761,427,77739,3952,2220
2/9/2016,444626,188275,222697,11084,19951,53657,44998,6429,58249,5036,905,78280,5046,4459
2/2/2016,422995,179376,215845,15040,21479,46119,41803,5419,55949,5576,285,74554,4579,3346
1/26/2016,411251,162799,216092,18107,15577,48230,47246,3907,54896,5459,386,69130,5385,3033
1/19/2016,419174,153546,217104,14734,14920,53018,59585,4150,61341,5262,85,65243,6444,3313
1/12/2016,401620,145371,211258,18024,12980,48310,56802,4761,60350,5536,290,60267,6961,3405
1/5/2016,402907,132802,222100,13732,10486,50474,80520,3842,57344,6013,380,55970,6050,2309
12/29/2015,404378,131044,225002,13397,9893,51990,84884,3659,56399,5793,549,56064,4806,821
12/22/2015,403949,130252,224950,14602,11821,50811,87072,3644,54878,5914,628,55795,4625,1422
12/15/2015,415040,131827,226288,14241,13059,54268,88012,3378,56598,5856,616,58475,5763,2357
12/8/2015,434313,146816,233420,13905,25203,53516,92558,2666,55341,5694,772,59803,6679,3591
12/1/2015,426182,141215,229911,14871,25158,51899,91463,2592,53088,7017,578,57453,9176,5503
11/24/2015,514531,172895,246641,12682,33680,68070,87786,3631,80824,6930,792,77644,7701,3248
11/17/2015,514987,179224,250743,12113,34623,64127,86816,1807,81278,5929,1189,77937,7563,3284
11/10/2015,494485,174496,245382,12940,30520,61803,81198,2127,77065,7298,807,72685,7001,4096
11/3/2015,482247,174199,238821,12883,27623,60402,71571,1630,77120,6431,747,72934,6707,2971
10/27/2015,465295,174389,229238,12365,25959,55185,63019,1812,77743,5457,1363,71314,5823,2681
10/20/2015,464598,178575,228879,10667,26607,53785,62345,3247,75993,5683,1589,72200,5351,2298
10/13/2015,464298,184855,234683,11502,26995,50951,62004,3865,74767,5688,1346,69416,5116,2276
10/6/2015,458688,173896,233266,14687,26626,46939,68715,3541,74820,5988,2517,68705,4937,2272
9/29/2015,462152,166554,235900,13636,24880,46141,76358,3311,77252,6336,1989,69127,6748,3552
9/22/2015,464865,167554,235673,13120,29146,44346,78165,2961,79656,6854,1048,70067,5104,1970
9/15/2015,446142,170033,228392,9858,27623,45751,70962,3138,71398,6924,1627,66680,4535,1534
9/8/2015,432340,166833,219693,8690,28420,45216,68281,2763,66154,5555,758,64555,7058,4781
9/1/2015,418139,163787,210462,9369,29101,45531,63877,3879,61768,5389,1080,63361,5058,2957
8/25/2015,436677,173497,217461,10674,26342,47070,58969,6506,68142,5070,1178,67867,5388,2111
8/18/2015,435214,172499,222304,12264,24635,45161,64756,7705,61915,5200,1439,69194,4223,2861
8/11/2015,432002,166889,221441,13161,26161,44060,68875,7410,61107,5539,1494,67535,4837,2794
8/4/2015,445012,160848,225570,11705,29046,42781,81367,6962,66797,5974,1314,69759,5782,2783
7/28/2015,448337,155943,229215,13923,26335,44353,82539,5841,68815,6453,1250,69595,6715,2931
7/21/2015,460620,151401,232109,15286,30385,45993,89664,3108,72932,6377,632,73423,5544,2038
7/14/2015,462760.1882,156979,238203,13281,29756,46110,90865,2660,72944,6247,800,71661,4674,626
7/7/2015,453911.6647,161066,235732,12204,34164,40722,90910,3270,72696,6075,1536,65644,4594,147
6/30/2015,436486.4852,153595,225239,14490,35423,38824,89107,3429,65676,6188,2276,63852,4755,1767
6/23/2015,439962.2024,164839,230366,13660,40076,36766,88653,2925,61808,5543,3228,63830,4863,964
6/16/2015,441080.5868,172185,239022,14266,40439,35141,86432,2434,59291,5640,3097,60948,7178,709
6/9/2015,433416.1687,176054,240175,15265,38851,33753,81753,2746,55971,6032,3408,57767,6821,745
6/2/2015,424860.1377,175756,240411,17433,38106,31523,79471,2016,52756,6355,3355,54753,6814,1940
5/26/2015,404294.2346,171670,229102,17148,38639,26753,76418,1993,47686,6077,6920,51600,6943,1601
5/19/2015,388251.1529,168685,223408,15382,36709,23140,72921,1115,48575,6069,5897,48166,5313,1241
5/12/2015,377528.5443,172253,222933,13479,39530,21212,62827,1330,48699,12295,906,42060,4704,859
5/5/2015,372280.6316,172895,221815,12813,37622,21424,66946,2133,46788,6110,492,40880,4425,1128
4/28/2015,391803.6026,182006,225189,12551,38982,23860,64354,2256,47807,5773,550,50755,4698,2405
4/21/2015,368887.9863,173069,213615,14215,37539,21816,60207,3023,41005,5722,1260,48258,4595,2371
4/14/2015,376965.7067,172452,216785,14499,38607,22780,62872,3147,43997,5669,604,49795,4902,1251
4/7/2015,360294.9603,179990,217316,14068,37082,20862,56164,3898,42576,5183,673,35528,5925,2361
3/31/2015,354400,178267,216334,15038,36507,18991,55801,4003,41218,5477,717,33996,5613,2633
3/24/2015,330139,167582,206819,16919,40183,12316,61642,3880,31649,4699,2800,30338,4994,2154
3/17/2015,337300,168147,217453,17159,40654,11786,67701,2593,33510,5336,600,27652,6010,3052
3/10/2015,338064,168117,219788,17860,40054,14681,65319,1568,34962,4927,186,26734,5464,92
3/3/2015,342818,169517,224582,17606,36481,14968,64285,1356,37782,6874,384,25837,5950,1429
2/24/2015,399747,183109,238888,17640,30678,19909,61398,1066,64973,5148,604,42707,4862,921
2/17/2015,377139,176323,227069,15109,29561,18584,57969,860,59331,3860,564,40193,5770,977
2/10/2015,352124,164751,213694,16980,23174,17306,51742,1395,54689,3498,599,38244,4913,3023
2/3/2015,321771,161766,209352,18946,19571,15356,45337,1602,44702,3321,309,27520,4822,3359
1/27/2015,323003,152516,208260,21016,17588,15361,47389,1553,50154,5119,498,25522,5926,4067
1/20/2015,339281,153932,214702,22806,21158,12711,53120,1616,59479,4688,219,26018,6527,3378
1/13/2015,342912,156863,217897,21888,21024,12039,54485,1946,60343,4378,228,26402,6514,3034
1/6/2015,331495,153929,208103,19796,21198,13978,50489,2309,59550,4707,125,23807,5239,2426
12/30/2014,319280,149785,205446,18924,17370,13408,49982,2326,55988,3580,103,22933,4680,1707
12/23/2014,312930,147919,200554,18658,18687,13486,49572,2248,53207,2960,125,23246,3882,1378
12/16/2014,293787,138958,193016,19755,13778,12129,45895,2381,48031,1959,130,22565,4494,1757
12/9/2014,301224,144590,203869,19033,11176,12239,48342,2256,47876,1802,147,23564,3778,99
12/2/2014,301929,151074,204196,18708,13161,13630,45169,1951,45370,1337,425,22827,3813,370
11/25/2014,346446,177892,227867,17246,12280,21392,43910,2199,51734,1704,587,29532,3036,855
11/18/2014,349939,178778,225787,16803,12578,19328,41403,2545,55967,2258,544,30398,5004,2792
11/11/2014,353648,180570,232178,16685,13099,17803,45932,2218,55414,2339,560,30343,4562,2033
11/4/2014,351889,184024,231123,17371,13196,17658,42355,3533,55647,2841,519,30481,1513,-267
10/28/2014,352955,176215,225370,20719,13681,19125,43728,5548,56237,3005,544,32017,1908,433
10/21/2014,358232,170724,232572,21684,15762,17439,53329,2291,55270,3166,1147,32798,3821,952
10/14/2014,358345,172648,234469,21543,16095,16881,53981,2210,54540,2562,846,30525,5664,2779
10/7/2014,360462,169320,235006,22234,16815,17026,57003,2137,54239,3055,635,30766,6819,3838
9/30/2014,382281,163725,245478,22817,19604,15402,72307,1798,56352,3553,465,32185,15941,10999
